Days,L27-bandwidth
16/10/2018 00:00,543.5448069
16/10/2018 01:00,660.2523257
16/10/2018 02:00,760.5569084
16/10/2018 03:00,889.1677617
16/10/2018 04:00,1177.313635
16/10/2018 05:00,1292.394841
16/10/2018 06:00,1469.424437
16/10/2018 07:00,1427.23685
16/10/2018 08:00,1563.848628
16/10/2018 09:00,1668.702482
16/10/2018 10:00,1412.320381
16/10/2018 11:00,1371.432957
16/10/2018 12:00,1323.232959
16/10/2018 13:00,1352.416382
16/10/2018 14:00,1164.864252
16/10/2018 15:00,1117.379256
16/10/2018 16:00,1197.576996
16/10/2018 17:00,1062.467722
16/10/2018 18:00,573.0105487
16/10/2018 19:00,428.6524979
16/10/2018 20:00,525.4686604
16/10/2018 21:00,161.137793
16/10/2018 22:00,195.0780933
16/10/2018 23:00,334.9037577
17/10/2018 00:00,140.6358334
17/10/2018 01:00,278.8196722
17/10/2018 02:00,155.2020723
17/10/2018 03:00,83.20352614
17/10/2018 04:00,85.49085342
17/10/2018 05:00,423.3617804
17/10/2018 06:00,787.7542694
17/10/2018 07:00,337.1193305
17/10/2018 08:00,608.048474
17/10/2018 09:00,836.9098697
17/10/2018 10:00,648.2140902
17/10/2018 11:00,1008.726681
17/10/2018 12:00,1302.948048
17/10/2018 13:00,1330.23091
17/10/2018 14:00,1257.376762
17/10/2018 15:00,1164.33152
17/10/2018 16:00,1549.191411
17/10/2018 17:00,1403.412846
17/10/2018 18:00,984.2144465
17/10/2018 19:00,903.2562261
17/10/2018 20:00,969.2173995
17/10/2018 21:00,1064.442754
17/10/2018 22:00,760.6612354
17/10/2018 23:00,648.319337
18/10/2018 00:00,586.53122
18/10/2018 01:00,632.9970379
18/10/2018 02:00,547.3388022
18/10/2018 03:00,463.5910198
18/10/2018 04:00,433.7781393
18/10/2018 05:00,483.2915994
18/10/2018 06:00,556.7959302
18/10/2018 07:00,486.0622456
18/10/2018 08:00,373.8721873
18/10/2018 09:00,344.5576688
18/10/2018 10:00,471.4291078
18/10/2018 11:00,309.2207331
18/10/2018 12:00,320.7605309
18/10/2018 13:00,422.1338283
18/10/2018 14:00,638.6631329
18/10/2018 15:00,694.6805079
18/10/2018 16:00,583.4536437
18/10/2018 17:00,296.3791963
18/10/2018 18:00,207.8895806
18/10/2018 19:00,199.4644648
18/10/2018 20:00,281.0158882
18/10/2018 21:00,492.04514
18/10/2018 22:00,570.0945022
18/10/2018 23:00,404.5460237
19/10/2018 00:00,455.3463522
19/10/2018 01:00,491.3641813
19/10/2018 02:00,374.9693882
19/10/2018 03:00,509.6931947
19/10/2018 04:00,410.5025212
19/10/2018 05:00,198.9942904
19/10/2018 06:00,157.6276494
19/10/2018 07:00,192.9550775
19/10/2018 08:00,168.1548175
19/10/2018 09:00,185.5234562
19/10/2018 10:00,187.4240961
19/10/2018 11:00,192.3375503
19/10/2018 12:00,407.9536737
19/10/2018 13:00,306.8732042
19/10/2018 14:00,144.3236505
19/10/2018 15:00,236.0288832
19/10/2018 16:00,212.1551226
19/10/2018 17:00,281.9290457
19/10/2018 18:00,259.8422025
19/10/2018 19:00,442.8862227
19/10/2018 20:00,509.2014217
19/10/2018 21:00,667.1242922
19/10/2018 22:00,731.303551
19/10/2018 23:00,654.8969538
20/10/2018 00:00,722.9136817
20/10/2018 01:00,619.0358562
20/10/2018 02:00,543.7305553
20/10/2018 03:00,587.5880787
20/10/2018 04:00,870.9627931
20/10/2018 05:00,788.5058583
20/10/2018 06:00,667.2332955
20/10/2018 07:00,686.6020621
20/10/2018 08:00,577.9909564
20/10/2018 09:00,1064.747771
20/10/2018 10:00,1428.846433
20/10/2018 11:00,1597.528296
20/10/2018 12:00,1770.136541
20/10/2018 13:00,2160.142696
20/10/2018 14:00,2202.057499
20/10/2018 15:00,2020.31573
20/10/2018 16:00,1781.832353
20/10/2018 17:00,1648.864321
20/10/2018 18:00,1517.726119
20/10/2018 19:00,1171.238845
20/10/2018 20:00,999.1818073
20/10/2018 21:00,744.5510068
20/10/2018 22:00,512.2479218
20/10/2018 23:00,414.5043658
21/10/2018 00:00,316.2316626
21/10/2018 01:00,241.5338412
21/10/2018 02:00,185.6301857
21/10/2018 03:00,175.5578846
21/10/2018 04:00,138.7609665
21/10/2018 05:00,289.7369868
21/10/2018 06:00,1039.141511
21/10/2018 07:00,1287.121734
21/10/2018 08:00,1450.095804
21/10/2018 09:00,1308.079317
21/10/2018 10:00,1563.321888
21/10/2018 11:00,1621.580806
21/10/2018 12:00,1539.11686
21/10/2018 13:00,1652.133209
21/10/2018 14:00,1563.47375
21/10/2018 15:00,1482.151239
21/10/2018 16:00,1288.350923
21/10/2018 17:00,1740.510945
21/10/2018 18:00,1851.074046
21/10/2018 19:00,1656.007922
21/10/2018 20:00,1690.162106
21/10/2018 21:00,1148.052865
21/10/2018 22:00,1108.843029
21/10/2018 23:00,900.7144908
22/10/2018 00:00,975.8289341
22/10/2018 01:00,544.4310076
22/10/2018 02:00,515.4153167
22/10/2018 03:00,324.3429382
22/10/2018 04:00,239.042899
22/10/2018 05:00,360.6751577
22/10/2018 06:00,268.0041437
22/10/2018 07:00,377.7335966
22/10/2018 08:00,794.4803492
22/10/2018 09:00,2549.078807
22/10/2018 10:00,2530.299044
22/10/2018 11:00,2472.185828
22/10/2018 12:00,2436.068078
22/10/2018 13:00,2089.605411
22/10/2018 14:00,2087.019016
22/10/2018 15:00,2386.051188
22/10/2018 16:00,1975.894429
22/10/2018 17:00,1453.32242
22/10/2018 18:00,1171.26738
22/10/2018 19:00,1081.14635
22/10/2018 20:00,672.7520286
22/10/2018 21:00,473.3798322
22/10/2018 22:00,401.4319371
22/10/2018 23:00,311.6860013
23/10/2018 00:00,359.0725098
23/10/2018 01:00,313.3691738
23/10/2018 02:00,241.4607487
23/10/2018 03:00,133.0956887
23/10/2018 04:00,91.71726201
23/10/2018 05:00,90.69354315
23/10/2018 06:00,61.64477006
23/10/2018 07:00,51.61298541
23/10/2018 08:00,64.39861122
23/10/2018 09:00,1113.144385
23/10/2018 10:00,1840.573717
23/10/2018 11:00,2344.245147
23/10/2018 12:00,2436.057765
23/10/2018 13:00,2429.129951
23/10/2018 14:00,2509.896138
23/10/2018 15:00,2244.342874
23/10/2018 16:00,1866.797008
23/10/2018 17:00,1617.830228
23/10/2018 18:00,1029.798742
23/10/2018 19:00,810.8090684
23/10/2018 20:00,981.1310199
23/10/2018 21:00,967.8177645
23/10/2018 22:00,870.4138715
23/10/2018 23:00,733.4742962
24/10/2018 00:00,697.2840036
24/10/2018 01:00,665.6913589
24/10/2018 02:00,678.0947746
24/10/2018 03:00,543.7037437
24/10/2018 04:00,468.0313802
24/10/2018 05:00,402.5260296
24/10/2018 06:00,375.1464059
24/10/2018 07:00,332.4588769
24/10/2018 08:00,215.0320818
24/10/2018 09:00,228.1602268
24/10/2018 10:00,256.0458244
24/10/2018 11:00,291.1970099
24/10/2018 12:00,309.6687086
24/10/2018 13:00,493.6043752
24/10/2018 14:00,759.7045583
24/10/2018 15:00,847.9900457
24/10/2018 16:00,986.3172957
24/10/2018 17:00,721.600106
24/10/2018 18:00,561.6558702
24/10/2018 19:00,406.7671772
24/10/2018 20:00,1.778523444
24/10/2018 21:00,8.366656866
24/10/2018 22:00,0.016124411
24/10/2018 23:00,25.80168901
25/10/2018 00:00,130.3281309
25/10/2018 01:00,256.0235056
25/10/2018 02:00,368.1828008
25/10/2018 03:00,372.119983
25/10/2018 04:00,396.3312278
25/10/2018 05:00,218.2810056
25/10/2018 06:00,117.0437854
25/10/2018 07:00,238.9861722
25/10/2018 08:00,310.1148868
25/10/2018 09:00,336.7243609
25/10/2018 10:00,406.501231
25/10/2018 11:00,415.0581237
25/10/2018 12:00,544.8559123
25/10/2018 13:00,902.1948448
25/10/2018 14:00,1569.541648
25/10/2018 15:00,2287.506001
25/10/2018 16:00,2369.447079
25/10/2018 17:00,2007.239861
25/10/2018 18:00,2116.01759
25/10/2018 19:00,1726.800181
25/10/2018 20:00,1761.422049
25/10/2018 21:00,1698.593704
25/10/2018 22:00,1169.3147
25/10/2018 23:00,1045.382912
26/10/2018 00:00,859.0998294
26/10/2018 01:00,954.6335155
26/10/2018 02:00,763.0204654
26/10/2018 03:00,695.5867867
26/10/2018 04:00,679.1162879
26/10/2018 05:00,1018.817498
26/10/2018 06:00,2638.403122
26/10/2018 07:00,2408.997289
26/10/2018 08:00,2745.118295
26/10/2018 09:00,2914.332557
26/10/2018 10:00,2795.512783
26/10/2018 11:00,2484.652137
26/10/2018 12:00,2205.059239
26/10/2018 13:00,2182.496089
26/10/2018 14:00,2320.927761
26/10/2018 15:00,2032.594121
26/10/2018 16:00,802.4794681
26/10/2018 17:00,535.8730196
26/10/2018 18:00,559.0366947
26/10/2018 19:00,570.8575157
26/10/2018 20:00,578.4319085
26/10/2018 21:00,736.7146127
26/10/2018 22:00,615.693171
26/10/2018 23:00,675.0450143
27/10/2018 00:00,545.1679414
27/10/2018 01:00,597.8278154
27/10/2018 02:00,682.6248273
27/10/2018 03:00,777.6052894
27/10/2018 04:00,676.9237833
27/10/2018 05:00,669.0972603
27/10/2018 06:00,438.4482509
27/10/2018 07:00,450.8309898
27/10/2018 08:00,380.9904192
27/10/2018 09:00,575.5252344
27/10/2018 10:00,656.1267435
27/10/2018 11:00,654.3576172
27/10/2018 12:00,547.2186277
27/10/2018 13:00,407.0794887
27/10/2018 14:00,437.795188
27/10/2018 15:00,259.5731874
27/10/2018 16:00,327.1295608
27/10/2018 17:00,289.4616974
27/10/2018 18:00,427.9991285
27/10/2018 19:00,370.660017
27/10/2018 20:00,365.8770107
27/10/2018 21:00,600.6204599
27/10/2018 22:00,737.3478263
27/10/2018 23:00,565.233124
28/10/2018 00:00,489.646249
28/10/2018 01:00,442.2682526
28/10/2018 02:00,595.8426869
28/10/2018 03:00,535.9007016
28/10/2018 04:00,590.5946324
28/10/2018 05:00,410.594961
28/10/2018 06:00,678.6335074
28/10/2018 07:00,555.2499266
28/10/2018 08:00,596.8652318
28/10/2018 09:00,585.8305278
28/10/2018 10:00,605.3739012
28/10/2018 11:00,595.6556622
28/10/2018 12:00,608.4791279
28/10/2018 13:00,616.1527964
28/10/2018 14:00,944.2505698
28/10/2018 15:00,842.0628193
28/10/2018 16:00,855.4502763
28/10/2018 17:00,662.9137716
28/10/2018 18:00,696.26182
28/10/2018 19:00,762.6259796
28/10/2018 20:00,760.1736872
28/10/2018 21:00,640.9652286
28/10/2018 22:00,610.0543112
28/10/2018 23:00,652.503106
29/10/2018 00:00,475.0055704
29/10/2018 01:00,367.4924341
29/10/2018 02:00,357.9264179
29/10/2018 03:00,744.7037918
29/10/2018 04:00,647.931292
29/10/2018 05:00,610.6557962
29/10/2018 06:00,650.0280067
29/10/2018 07:00,640.5626447
29/10/2018 08:00,683.6362044
29/10/2018 09:00,508.0896098
29/10/2018 10:00,390.2301599
29/10/2018 11:00,223.9369318
29/10/2018 12:00,367.7867088
29/10/2018 13:00,523.689843
29/10/2018 14:00,445.9145974
29/10/2018 15:00,433.6096214
29/10/2018 16:00,447.7161871
29/10/2018 17:00,731.9706613
29/10/2018 18:00,1073.992572
29/10/2018 19:00,1104.205855
29/10/2018 20:00,869.4598776
29/10/2018 21:00,568.5897974
29/10/2018 22:00,466.2048005
29/10/2018 23:00,665.680522
30/10/2018 00:00,895.6930395
30/10/2018 01:00,1016.162197
30/10/2018 02:00,940.5063164
30/10/2018 03:00,589.4322014
30/10/2018 04:00,505.1992584
30/10/2018 05:00,456.8247993
30/10/2018 06:00,457.1351315
30/10/2018 07:00,406.1292752
30/10/2018 08:00,767.1336015
30/10/2018 09:00,371.5030563
30/10/2018 10:00,248.3500098
30/10/2018 11:00,319.5773528
30/10/2018 12:00,301.2416447
30/10/2018 13:00,283.7072508
30/10/2018 14:00,479.2180099
30/10/2018 15:00,508.9034237
30/10/2018 16:00,587.6575446
30/10/2018 17:00,478.8820787
30/10/2018 18:00,513.9155572
30/10/2018 19:00,693.2776618
30/10/2018 20:00,672.7922188
30/10/2018 21:00,569.5869077
30/10/2018 22:00,707.7012024
30/10/2018 23:00,619.6310791
31/10/2018 00:00,635.5058314
31/10/2018 01:00,854.4731149
31/10/2018 02:00,1032.780948
31/10/2018 03:00,797.7852735
31/10/2018 04:00,490.9543534
31/10/2018 05:00,415.5920467
31/10/2018 06:00,375.3897291
31/10/2018 07:00,309.2832409
31/10/2018 08:00,234.2276735
31/10/2018 09:00,250.2942921
31/10/2018 10:00,169.5317322
31/10/2018 11:00,305.2377251
31/10/2018 12:00,217.2148779
31/10/2018 13:00,146.0960465
31/10/2018 14:00,314.4233707
31/10/2018 15:00,246.6974103
31/10/2018 16:00,330.9216568
31/10/2018 17:00,403.6822218
31/10/2018 18:00,362.296863
31/10/2018 19:00,314.0433359
31/10/2018 20:00,389.5796815
31/10/2018 21:00,509.4980171
31/10/2018 22:00,365.7011353
31/10/2018 23:00,301.687884
01/11/2018 00:00,306.5766178
01/11/2018 01:00,361.7551816
01/11/2018 02:00,211.7293105
01/11/2018 03:00,197.4931246
01/11/2018 04:00,624.4832006
01/11/2018 05:00,212.510903
01/11/2018 06:00,208.134733
01/11/2018 07:00,199.522118
01/11/2018 08:00,713.8627737
01/11/2018 09:00,202.5515056
01/11/2018 10:00,291.4744581
01/11/2018 11:00,304.8297737
01/11/2018 12:00,356.9009001
01/11/2018 13:00,366.5407917
01/11/2018 14:00,415.7362684
01/11/2018 15:00,432.7157813
01/11/2018 16:00,304.6696106
01/11/2018 17:00,619.5273006
01/11/2018 18:00,678.8768982
01/11/2018 19:00,630.3759301
01/11/2018 20:00,660.5799554
01/11/2018 21:00,897.8498802
01/11/2018 22:00,923.2942713
01/11/2018 23:00,985.6713106
02/11/2018 00:00,843.7976365
02/11/2018 01:00,882.8323091
02/11/2018 02:00,820.0930637
02/11/2018 03:00,1262.471469
02/11/2018 04:00,871.937255
02/11/2018 05:00,478.5552457
02/11/2018 06:00,492.2150317
02/11/2018 07:00,394.7942992
02/11/2018 08:00,256.0651153
02/11/2018 09:00,261.8349781
02/11/2018 10:00,258.8263113
02/11/2018 11:00,263.6485395
02/11/2018 12:00,210.2078731
02/11/2018 13:00,225.5369087
02/11/2018 14:00,276.1733081
02/11/2018 15:00,394.1705322
02/11/2018 16:00,401.5810915
02/11/2018 17:00,550.8994969
02/11/2018 18:00,615.5419009
02/11/2018 19:00,458.4458526
02/11/2018 20:00,412.7605038
02/11/2018 21:00,809.1879358
02/11/2018 22:00,505.5973938
02/11/2018 23:00,449.3305101
03/11/2018 00:00,735.622859
03/11/2018 01:00,691.8218647
03/11/2018 02:00,699.5215239
03/11/2018 03:00,769.0996108
03/11/2018 04:00,715.7766143
03/11/2018 05:00,403.3022211
03/11/2018 06:00,652.3611726
03/11/2018 07:00,615.2929259
03/11/2018 08:00,810.9443652
03/11/2018 09:00,750.6570184
03/11/2018 10:00,413.0646842
03/11/2018 11:00,432.6535465
03/11/2018 12:00,502.3275839
03/11/2018 13:00,948.0955316
03/11/2018 14:00,966.111255
03/11/2018 15:00,644.1247286
03/11/2018 16:00,337.25487
03/11/2018 17:00,410.1620361
03/11/2018 18:00,237.8386269
03/11/2018 19:00,231.5460826
03/11/2018 20:00,236.1190777
03/11/2018 21:00,371.7609212
03/11/2018 22:00,242.42011
03/11/2018 23:00,173.9794159
04/11/2018 00:00,224.9620162
04/11/2018 01:00,178.5191928
04/11/2018 02:00,127.9343991
04/11/2018 03:00,199.4503652
04/11/2018 04:00,249.8588135
04/11/2018 05:00,197.4172603
04/11/2018 06:00,372.866309
04/11/2018 07:00,393.8471119
04/11/2018 08:00,185.534266
04/11/2018 09:00,172.8705474
04/11/2018 10:00,198.2839592
04/11/2018 11:00,168.7364786
04/11/2018 12:00,149.5347666
04/11/2018 13:00,176.4611983
04/11/2018 14:00,358.8906887
04/11/2018 15:00,325.080747
04/11/2018 16:00,241.2235549
04/11/2018 17:00,181.3701248
04/11/2018 18:00,64.58590685
04/11/2018 19:00,29.73768261
04/11/2018 20:00,391.7210539
04/11/2018 21:00,471.4137477
04/11/2018 22:00,626.1806217
04/11/2018 23:00,467.0837133
05/11/2018 00:00,484.934818
05/11/2018 01:00,519.7958053
05/11/2018 02:00,636.7200476
05/11/2018 03:00,464.1707993
05/11/2018 04:00,564.8879728
05/11/2018 05:00,646.8688998
05/11/2018 06:00,574.5292827
05/11/2018 07:00,609.3915795
05/11/2018 08:00,690.3838866
05/11/2018 09:00,710.5681404
05/11/2018 10:00,412.4351967
05/11/2018 11:00,346.533054
05/11/2018 12:00,359.3755114
05/11/2018 13:00,269.9299071
05/11/2018 14:00,192.68972
05/11/2018 15:00,283.3631183
05/11/2018 16:00,208.1161982
05/11/2018 17:00,183.8710653
05/11/2018 18:00,264.6863472
05/11/2018 19:00,248.7172564
05/11/2018 20:00,334.3489292
05/11/2018 21:00,870.5773907
05/11/2018 22:00,410.6567603
05/11/2018 23:00,337.7774235
06/11/2018 00:00,338.356612
06/11/2018 01:00,262.6028378
06/11/2018 02:00,231.1480623
06/11/2018 03:00,162.1401986
06/11/2018 04:00,156.3413494
06/11/2018 05:00,128.4099473
06/11/2018 06:00,179.9108525
06/11/2018 07:00,314.6121208
06/11/2018 08:00,83.11962896
06/11/2018 09:00,96.01224752
06/11/2018 10:00,176.8886289
06/11/2018 11:00,207.0278144
06/11/2018 12:00,267.0294448
06/11/2018 13:00,291.4293293
06/11/2018 14:00,213.4284838
06/11/2018 15:00,201.3465715
06/11/2018 16:00,177.3885907
06/11/2018 17:00,214.1413722
06/11/2018 18:00,159.5983249
06/11/2018 19:00,237.2466777
06/11/2018 20:00,235.7385395
06/11/2018 21:00,167.4321028
06/11/2018 22:00,198.0508227
06/11/2018 23:00,179.0992727
07/11/2018 00:00,205.6503309
07/11/2018 01:00,287.8459142
07/11/2018 02:00,300.0613636
07/11/2018 03:00,404.5178221
07/11/2018 04:00,392.4699631
07/11/2018 05:00,449.8303136
07/11/2018 06:00,404.353377
07/11/2018 07:00,357.8851136
07/11/2018 08:00,343.8572785
07/11/2018 09:00,310.5530042
07/11/2018 10:00,360.7633316
07/11/2018 11:00,418.6249199
07/11/2018 12:00,492.5360788
07/11/2018 13:00,538.570743
07/11/2018 14:00,669.6814935
07/11/2018 15:00,988.6783673
07/11/2018 16:00,1061.546688
07/11/2018 17:00,1019.807823
07/11/2018 18:00,1312.989156
07/11/2018 19:00,956.862468
07/11/2018 20:00,670.1261935
07/11/2018 21:00,721.8779592
07/11/2018 22:00,852.3071769
07/11/2018 23:00,634.6037096
08/11/2018 00:00,651.8045053
08/11/2018 01:00,883.4135403
08/11/2018 02:00,832.2691603
08/11/2018 03:00,938.9393593
08/11/2018 04:00,907.8749496
08/11/2018 05:00,1238.562096
08/11/2018 06:00,914.588527
08/11/2018 07:00,791.9643583
08/11/2018 08:00,601.8547621
08/11/2018 09:00,616.4556856
08/11/2018 10:00,532.8305107
08/11/2018 11:00,666.6141564
08/11/2018 12:00,749.0355703
08/11/2018 13:00,798.2057073
08/11/2018 14:00,358.6713004
08/11/2018 15:00,365.0975415
08/11/2018 16:00,386.3641548
08/11/2018 17:00,371.5930738
08/11/2018 18:00,343.6478061
08/11/2018 19:00,425.2191494
08/11/2018 20:00,452.5865733
08/11/2018 21:00,545.3317992
08/11/2018 22:00,439.2682101
08/11/2018 23:00,707.3301699
09/11/2018 00:00,1450.633727
09/11/2018 01:00,1446.88056
09/11/2018 02:00,1641.105564
09/11/2018 03:00,1233.651954
09/11/2018 04:00,618.3009363
09/11/2018 05:00,720.0629069
09/11/2018 06:00,439.9498593
09/11/2018 07:00,456.2088054
09/11/2018 08:00,399.0334222
09/11/2018 09:00,435.0495923
09/11/2018 10:00,365.4947389
09/11/2018 11:00,414.588031
09/11/2018 12:00,497.5569234
09/11/2018 13:00,409.7838518
09/11/2018 14:00,356.520646
09/11/2018 15:00,394.0228803
09/11/2018 16:00,313.0731479
09/11/2018 17:00,465.4704005
09/11/2018 18:00,555.1409353
09/11/2018 19:00,665.9391923
09/11/2018 20:00,703.5603726
09/11/2018 21:00,384.6060929
09/11/2018 22:00,620.6258815
09/11/2018 23:00,692.2386165
10/11/2018 00:00,505.8774488
10/11/2018 01:00,347.4031857
10/11/2018 02:00,426.2136086
10/11/2018 03:00,795.1074389
10/11/2018 04:00,920.1545278
10/11/2018 05:00,809.8131487
10/11/2018 06:00,413.756634
10/11/2018 07:00,313.9006186
10/11/2018 08:00,300.5598277
10/11/2018 09:00,338.9963245
10/11/2018 10:00,425.305565
10/11/2018 11:00,617.9564613
10/11/2018 12:00,562.6573978
10/11/2018 13:00,611.3986844
10/11/2018 14:00,568.4728984
10/11/2018 15:00,735.9235591
10/11/2018 16:00,821.4408407
10/11/2018 17:00,476.5269807
10/11/2018 18:00,490.1782615
10/11/2018 19:00,491.5750265
10/11/2018 20:00,408.4762105
10/11/2018 21:00,515.5703814
10/11/2018 22:00,677.344793
10/11/2018 23:00,783.3086095
11/11/2018 00:00,718.7048792
11/11/2018 01:00,674.9919628
11/11/2018 02:00,877.0119254
11/11/2018 03:00,896.233403
11/11/2018 04:00,588.9685864
11/11/2018 05:00,635.7057852
11/11/2018 06:00,594.3878204
11/11/2018 07:00,543.5807981
11/11/2018 08:00,548.8654035
11/11/2018 09:00,646.0112521
11/11/2018 10:00,649.058289
11/11/2018 11:00,697.6233416
11/11/2018 12:00,655.7048513
11/11/2018 13:00,629.0575122
11/11/2018 14:00,414.9738025
11/11/2018 15:00,388.7868444
11/11/2018 16:00,403.2337346
11/11/2018 17:00,375.0185784
11/11/2018 18:00,492.8582256
11/11/2018 19:00,426.240545
11/11/2018 20:00,451.4249872
11/11/2018 21:00,472.2202011
11/11/2018 22:00,653.9812105
11/11/2018 23:00,730.985483
12/11/2018 00:00,707.2095436
12/11/2018 01:00,521.220327
12/11/2018 02:00,420.0296023
12/11/2018 03:00,449.3007368
12/11/2018 04:00,507.2382644
12/11/2018 05:00,493.0069381
12/11/2018 06:00,733.0187902
12/11/2018 07:00,828.9671849
12/11/2018 08:00,1206.654395
12/11/2018 09:00,890.4781361
12/11/2018 10:00,637.6898865
12/11/2018 11:00,313.4002476
12/11/2018 12:00,323.0156134
12/11/2018 13:00,365.1260705
12/11/2018 14:00,240.1781955
12/11/2018 15:00,258.3274884
12/11/2018 16:00,238.1782231
12/11/2018 17:00,263.2219931
12/11/2018 18:00,478.6928514
12/11/2018 19:00,687.8224456
12/11/2018 20:00,722.3318216
12/11/2018 21:00,823.1576055
12/11/2018 22:00,818.7199874
12/11/2018 23:00,974.5186823
13/11/2018 00:00,1105.151809
13/11/2018 01:00,1134.358461
13/11/2018 02:00,1040.24328
13/11/2018 03:00,732.0983732
13/11/2018 04:00,714.6127134
13/11/2018 05:00,793.3694573
13/11/2018 06:00,641.6484315
13/11/2018 07:00,621.0673367
13/11/2018 08:00,725.9456602
13/11/2018 09:00,657.9590337
13/11/2018 10:00,583.2000225
13/11/2018 11:00,723.0003943
13/11/2018 12:00,894.2060305
13/11/2018 13:00,647.4222797
13/11/2018 14:00,790.5158876
13/11/2018 15:00,747.2002117
13/11/2018 16:00,409.2209619
13/11/2018 17:00,428.1336051
13/11/2018 18:00,308.5580377
13/11/2018 19:00,336.6972491
13/11/2018 20:00,418.8207529
13/11/2018 21:00,511.3075299
13/11/2018 22:00,471.9129858
13/11/2018 23:00,463.3300166
14/11/2018 00:00,431.1177862
14/11/2018 01:00,563.3309794
14/11/2018 02:00,642.7911664
14/11/2018 03:00,896.7008793
14/11/2018 04:00,1475.242978
14/11/2018 05:00,1522.556963
14/11/2018 06:00,1463.265795
14/11/2018 07:00,1011.825377
14/11/2018 08:00,748.0587479
14/11/2018 09:00,590.5977413
14/11/2018 10:00,643.939716
14/11/2018 11:00,679.4203559
14/11/2018 12:00,394.601349
14/11/2018 13:00,748.1924072
14/11/2018 14:00,932.3985337
14/11/2018 15:00,948.4428038
14/11/2018 16:00,739.0872428
14/11/2018 17:00,517.6241659
14/11/2018 18:00,372.6515417
14/11/2018 19:00,423.4329381
14/11/2018 20:00,419.5455549
14/11/2018 21:00,407.5642674
14/11/2018 22:00,421.0407335
14/11/2018 23:00,445.7022851
15/11/2018 00:00,437.954583
15/11/2018 01:00,425.2031191
15/11/2018 02:00,415.6173145
15/11/2018 03:00,376.5114698
15/11/2018 04:00,364.5941344
15/11/2018 05:00,714.9715843
15/11/2018 06:00,1600.117773
15/11/2018 07:00,1286.467299
15/11/2018 08:00,651.8606251
15/11/2018 09:00,632.1876375
15/11/2018 10:00,606.5573014
15/11/2018 11:00,507.0655456
15/11/2018 12:00,503.3366906
15/11/2018 13:00,758.8133231
15/11/2018 14:00,719.9793443
15/11/2018 15:00,1167.036584
15/11/2018 16:00,1150.813278
15/11/2018 17:00,704.373759
15/11/2018 18:00,664.9639202
15/11/2018 19:00,786.690771
15/11/2018 20:00,748.497927
15/11/2018 21:00,649.4589799
15/11/2018 22:00,659.711976
15/11/2018 23:00,647.2496054
16/11/2018 00:00,634.365069
16/11/2018 01:00,665.5035127
16/11/2018 02:00,753.2505569
16/11/2018 03:00,681.2387132
16/11/2018 04:00,652.4933426
16/11/2018 05:00,651.3932801
16/11/2018 06:00,703.9729971
16/11/2018 07:00,592.9861749
16/11/2018 08:00,734.0876543
16/11/2018 09:00,884.3907735
16/11/2018 10:00,670.7800574
16/11/2018 11:00,667.2868489
16/11/2018 12:00,480.3884615
16/11/2018 13:00,551.9345315
16/11/2018 14:00,217.8532827
16/11/2018 15:00,214.1300164
16/11/2018 16:00,427.3984835
16/11/2018 17:00,521.5548755
16/11/2018 18:00,508.1979416
16/11/2018 19:00,557.1399915
16/11/2018 20:00,548.3592368
16/11/2018 21:00,645.0844449
16/11/2018 22:00,744.6160713
16/11/2018 23:00,658.9092695
17/11/2018 00:00,660.2024791
17/11/2018 01:00,682.6506176
17/11/2018 02:00,575.916953
17/11/2018 03:00,380.2936535
17/11/2018 04:00,500.7172248
17/11/2018 05:00,540.2084307
17/11/2018 06:00,417.8724676
17/11/2018 07:00,524.7347252
17/11/2018 08:00,598.8813029
17/11/2018 09:00,872.4071164
17/11/2018 10:00,736.5872211
17/11/2018 11:00,669.8603765
17/11/2018 12:00,664.2429899
17/11/2018 13:00,473.8755952
17/11/2018 14:00,817.0473302
17/11/2018 15:00,827.0595198
17/11/2018 16:00,800.4123438
17/11/2018 17:00,560.2651939
17/11/2018 18:00,482.2744397
17/11/2018 19:00,684.2641498
17/11/2018 20:00,806.6653752
17/11/2018 21:00,829.0663332
17/11/2018 22:00,895.3338285
17/11/2018 23:00,851.8436969
18/11/2018 00:00,915.134418
18/11/2018 01:00,558.9708584
18/11/2018 02:00,451.9555256
18/11/2018 03:00,444.63999
18/11/2018 04:00,463.5113542
18/11/2018 05:00,449.591304
18/11/2018 06:00,430.6793413
18/11/2018 07:00,426.0700793
18/11/2018 08:00,417.2640953
18/11/2018 09:00,715.9793864
18/11/2018 10:00,730.6626061
18/11/2018 11:00,685.183151
18/11/2018 12:00,495.0174471
18/11/2018 13:00,226.527475
18/11/2018 14:00,274.2279425
18/11/2018 15:00,297.2894246
18/11/2018 16:00,308.3607703
18/11/2018 17:00,321.2068108
18/11/2018 18:00,512.9678414
18/11/2018 19:00,475.0744912
18/11/2018 20:00,242.4191773
18/11/2018 21:00,178.211384
18/11/2018 22:00,283.1680903
18/11/2018 23:00,457.8176275
19/11/2018 00:00,213.0154574
19/11/2018 01:00,156.8973778
19/11/2018 02:00,219.1114229
19/11/2018 03:00,241.5879288
19/11/2018 04:00,191.6424392
19/11/2018 05:00,224.6515169
19/11/2018 06:00,274.2586626
19/11/2018 07:00,307.2219651
19/11/2018 08:00,270.93601
19/11/2018 09:00,234.3882377
19/11/2018 10:00,302.6426887
19/11/2018 11:00,253.0039313
19/11/2018 12:00,581.2123474
19/11/2018 13:00,572.5824611
19/11/2018 14:00,592.535213
19/11/2018 15:00,811.4421299
19/11/2018 16:00,619.4079484
19/11/2018 17:00,611.4921261
19/11/2018 18:00,651.9563889
19/11/2018 19:00,793.3127985
19/11/2018 20:00,865.0003027
19/11/2018 21:00,922.3759567
19/11/2018 22:00,982.7492751
19/11/2018 23:00,864.0482832
20/11/2018 00:00,925.4022504
20/11/2018 01:00,864.631937
20/11/2018 02:00,848.3793003
20/11/2018 03:00,862.0055195
20/11/2018 04:00,847.5970084
20/11/2018 05:00,912.9938787
20/11/2018 06:00,862.4843637
20/11/2018 07:00,759.3076764
20/11/2018 08:00,664.9258768
20/11/2018 09:00,358.3217203
20/11/2018 10:00,329.8164031
20/11/2018 11:00,229.583996
20/11/2018 12:00,303.2195688
20/11/2018 13:00,330.3109631
20/11/2018 14:00,394.0139431
20/11/2018 15:00,642.1215561
20/11/2018 16:00,651.0079687
20/11/2018 17:00,514.5826396
20/11/2018 18:00,572.0227435
20/11/2018 19:00,576.2627263
20/11/2018 20:00,458.6855599
20/11/2018 21:00,442.4927103
20/11/2018 22:00,466.1206039
20/11/2018 23:00,416.2887199
21/11/2018 00:00,345.9782967
21/11/2018 01:00,397.8489862
21/11/2018 02:00,467.8781795
21/11/2018 03:00,548.6327502
21/11/2018 04:00,668.0116723
21/11/2018 05:00,604.3467597
21/11/2018 06:00,635.5744043
21/11/2018 07:00,650.0953391
21/11/2018 08:00,453.6655701
21/11/2018 09:00,419.7609968
21/11/2018 10:00,435.0607784
21/11/2018 11:00,451.5085212
21/11/2018 12:00,624.2935544
21/11/2018 13:00,625.0183134
21/11/2018 14:00,627.9415797
21/11/2018 15:00,552.1989281
21/11/2018 16:00,688.870141
21/11/2018 17:00,728.120487
21/11/2018 18:00,702.9603738
21/11/2018 19:00,791.8991757
21/11/2018 20:00,731.7131758
21/11/2018 21:00,858.6861434
21/11/2018 22:00,722.9716696
21/11/2018 23:00,806.7437238
22/11/2018 00:00,801.8917958
22/11/2018 01:00,936.7236863
22/11/2018 02:00,723.3359352
22/11/2018 03:00,674.0231475
22/11/2018 04:00,731.8242962
22/11/2018 05:00,854.7276013
22/11/2018 06:00,799.5757945
22/11/2018 07:00,698.3636393
22/11/2018 08:00,653.6753007
22/11/2018 09:00,524.0668089
22/11/2018 10:00,752.429824
22/11/2018 11:00,707.310718
22/11/2018 12:00,683.6212792
22/11/2018 13:00,535.350417
22/11/2018 14:00,583.6346513
22/11/2018 15:00,609.830741
22/11/2018 16:00,553.2051388
22/11/2018 17:00,482.8355057
22/11/2018 18:00,480.3528617
22/11/2018 19:00,695.6408842
22/11/2018 20:00,678.5502451
22/11/2018 21:00,673.7306454
22/11/2018 22:00,620.5471808
22/11/2018 23:00,792.8923267
23/11/2018 00:00,701.026137
23/11/2018 01:00,631.8424752
23/11/2018 02:00,588.8334524
23/11/2018 03:00,525.230598
23/11/2018 04:00,440.2483773
23/11/2018 05:00,483.2841087
23/11/2018 06:00,488.991683
23/11/2018 07:00,373.5947495
23/11/2018 08:00,419.7268351
23/11/2018 09:00,532.5023053
23/11/2018 10:00,614.4407055
23/11/2018 11:00,552.106287
23/11/2018 12:00,523.4961413
23/11/2018 13:00,405.47846
23/11/2018 14:00,542.0442706
23/11/2018 15:00,628.8998154
23/11/2018 16:00,548.8156878
23/11/2018 17:00,523.3217221
23/11/2018 18:00,520.0885794
23/11/2018 19:00,452.3727188
23/11/2018 20:00,415.3120537
23/11/2018 21:00,319.11578
23/11/2018 22:00,358.0193503
23/11/2018 23:00,407.0681642
24/11/2018 00:00,380.0968787
24/11/2018 01:00,377.0559286
24/11/2018 02:00,380.355447
24/11/2018 03:00,398.0163448
24/11/2018 04:00,383.2364634
24/11/2018 05:00,506.7456249
24/11/2018 06:00,471.451886
24/11/2018 07:00,521.5979741
24/11/2018 08:00,636.0645292
24/11/2018 09:00,584.2643433
24/11/2018 10:00,563.2145975
24/11/2018 11:00,532.1423919
24/11/2018 12:00,503.2460536
24/11/2018 13:00,528.0509652
24/11/2018 14:00,508.8533037
24/11/2018 15:00,560.1573639
24/11/2018 16:00,595.7003135
24/11/2018 17:00,508.0364277
24/11/2018 18:00,444.6707667
24/11/2018 19:00,468.3346686
24/11/2018 20:00,420.1986092
24/11/2018 21:00,574.5427823
24/11/2018 22:00,571.0515475
24/11/2018 23:00,699.6553763
25/11/2018 00:00,546.7821891
25/11/2018 01:00,349.6246024
25/11/2018 02:00,279.0641064
25/11/2018 03:00,379.8925195
25/11/2018 04:00,481.4123436
25/11/2018 05:00,456.9542663
25/11/2018 06:00,440.070116
25/11/2018 07:00,579.80312
25/11/2018 08:00,389.5715035
25/11/2018 09:00,279.5401888
25/11/2018 10:00,222.4340734
25/11/2018 11:00,319.4519095
25/11/2018 12:00,313.3313392
25/11/2018 13:00,338.252252
25/11/2018 14:00,460.5649727
25/11/2018 15:00,415.1910271
25/11/2018 16:00,409.5484448
25/11/2018 17:00,593.7940051
25/11/2018 18:00,592.2875612
25/11/2018 19:00,538.2955586
25/11/2018 20:00,599.8720056
25/11/2018 21:00,513.7382799
25/11/2018 22:00,669.8760832
25/11/2018 23:00,494.4360154
26/11/2018 00:00,473.8021205
26/11/2018 01:00,559.6028519
26/11/2018 02:00,598.8415814
26/11/2018 03:00,854.9672193
26/11/2018 04:00,817.3388508
26/11/2018 05:00,694.4450645
26/11/2018 06:00,553.9910152
26/11/2018 07:00,500.4162783
26/11/2018 08:00,408.5196372
26/11/2018 09:00,487.660885
26/11/2018 10:00,473.1019646
26/11/2018 11:00,492.816371
26/11/2018 12:00,453.2363276
26/11/2018 13:00,440.8697495
26/11/2018 14:00,513.2235016
26/11/2018 15:00,583.123323
26/11/2018 16:00,648.5783637
26/11/2018 17:00,798.2492042
26/11/2018 18:00,1264.164101
26/11/2018 19:00,1581.990816
26/11/2018 20:00,1642.982108
26/11/2018 21:00,1378.824868
26/11/2018 22:00,968.4250813
26/11/2018 23:00,682.563815
27/11/2018 00:00,680.1056138
27/11/2018 01:00,504.0025406
27/11/2018 02:00,554.8345782
27/11/2018 03:00,793.8448223
27/11/2018 04:00,514.8187294
27/11/2018 05:00,432.2518942
27/11/2018 06:00,433.1596451
27/11/2018 07:00,419.3745211
27/11/2018 08:00,429.5603301
27/11/2018 09:00,459.8625282
27/11/2018 10:00,485.7869843
27/11/2018 11:00,486.6368159
27/11/2018 12:00,599.0651103
27/11/2018 13:00,445.3103862
27/11/2018 14:00,667.4688708
27/11/2018 15:00,886.0787382
27/11/2018 16:00,898.7320043
27/11/2018 17:00,538.8729761
27/11/2018 18:00,343.2678688
27/11/2018 19:00,682.5065525
27/11/2018 20:00,608.7023919
27/11/2018 21:00,448.9347378
27/11/2018 22:00,341.4830571
27/11/2018 23:00,285.597655
28/11/2018 00:00,235.9132051
28/11/2018 01:00,305.4084142
28/11/2018 02:00,405.1546212
28/11/2018 03:00,368.3046288
28/11/2018 04:00,272.1866328
28/11/2018 05:00,301.3980044
28/11/2018 06:00,228.1791451
28/11/2018 07:00,289.2473292
28/11/2018 08:00,298.9377174
28/11/2018 09:00,273.5192529
28/11/2018 10:00,39.18596408
28/11/2018 11:00,213.1796817
28/11/2018 12:00,436.7179733
28/11/2018 13:00,514.8526173
28/11/2018 14:00,551.84535
28/11/2018 15:00,462.5982254
28/11/2018 16:00,541.5720257
28/11/2018 17:00,505.8261583
28/11/2018 18:00,563.7732448
28/11/2018 19:00,641.5139501
28/11/2018 20:00,814.2995585
28/11/2018 21:00,655.8006141
28/11/2018 22:00,463.1231846
28/11/2018 23:00,334.3117889
29/11/2018 00:00,428.5842684
29/11/2018 01:00,309.7856294
29/11/2018 02:00,568.7495003
29/11/2018 03:00,695.9924817
29/11/2018 04:00,916.111087
29/11/2018 05:00,1070.732672
29/11/2018 06:00,1064.687774
29/11/2018 07:00,1017.30471
29/11/2018 08:00,1003.734296
29/11/2018 09:00,816.3343329
29/11/2018 10:00,630.8196025
29/11/2018 11:00,692.8501458
29/11/2018 12:00,680.7926476
29/11/2018 13:00,553.7364213
29/11/2018 14:00,741.2301077
29/11/2018 15:00,810.2061901
29/11/2018 16:00,860.5638308
29/11/2018 17:00,803.9339502
29/11/2018 18:00,861.4675802
29/11/2018 19:00,758.1552596
29/11/2018 20:00,549.5136886
29/11/2018 21:00,224.3608098
29/11/2018 22:00,262.6642911
29/11/2018 23:00,813.0508326
30/11/2018 00:00,797.8677081
30/11/2018 01:00,593.9369012
30/11/2018 02:00,662.055624
30/11/2018 03:00,725.7332903
30/11/2018 04:00,570.396244
30/11/2018 05:00,1528.473339
30/11/2018 06:00,1355.56317
30/11/2018 07:00,482.4921343
30/11/2018 08:00,200.4618743
30/11/2018 09:00,182.3261465
30/11/2018 10:00,171.968207
30/11/2018 11:00,152.737554
30/11/2018 12:00,123.3767732
30/11/2018 13:00,260.4347691
30/11/2018 14:00,272.755174
30/11/2018 15:00,279.1204376
30/11/2018 16:00,313.4940614
30/11/2018 17:00,358.39327
30/11/2018 18:00,401.0531645
30/11/2018 19:00,371.7457075
30/11/2018 20:00,571.8737528
30/11/2018 21:00,624.5458489
30/11/2018 22:00,596.5025106
30/11/2018 23:00,749.0259199
01/12/2018 00:00,489.0300684
01/12/2018 01:00,509.6966806
01/12/2018 02:00,516.8700772
01/12/2018 03:00,578.9348657
01/12/2018 04:00,602.6168803
01/12/2018 05:00,471.186662
01/12/2018 06:00,465.6168214
01/12/2018 07:00,539.7126001
01/12/2018 08:00,650.8056592
01/12/2018 09:00,683.8301557
01/12/2018 10:00,683.6697347
01/12/2018 11:00,650.6264218
01/12/2018 12:00,714.0704226
01/12/2018 13:00,688.9866205
01/12/2018 14:00,787.6701184
01/12/2018 15:00,757.0419175
01/12/2018 16:00,502.9390241
01/12/2018 17:00,447.7112951
01/12/2018 18:00,503.02702
01/12/2018 19:00,586.8918354
01/12/2018 20:00,702.2557064
01/12/2018 21:00,683.3507253
01/12/2018 22:00,612.1060226
01/12/2018 23:00,855.0080931
02/12/2018 00:00,745.7818718
02/12/2018 01:00,758.936639
02/12/2018 02:00,834.5011793
02/12/2018 03:00,861.4823078
02/12/2018 04:00,967.6168078
02/12/2018 05:00,882.8132031
02/12/2018 06:00,722.7436711
02/12/2018 07:00,954.3572922
02/12/2018 08:00,1038.72284
02/12/2018 09:00,1030.517805
02/12/2018 10:00,1065.637651
02/12/2018 11:00,997.7422632
02/12/2018 12:00,785.154691
02/12/2018 13:00,766.8407208
02/12/2018 14:00,732.74082
02/12/2018 15:00,412.5606956
02/12/2018 16:00,409.4847025
02/12/2018 17:00,427.4876004
02/12/2018 18:00,569.3049506
02/12/2018 19:00,475.6910089
02/12/2018 20:00,454.6244059
02/12/2018 21:00,589.9386386
02/12/2018 22:00,448.4357975
02/12/2018 23:00,362.4641893
03/12/2018 00:00,368.291954
03/12/2018 01:00,362.8303638
03/12/2018 02:00,436.2554982
03/12/2018 03:00,383.9164721
03/12/2018 04:00,409.1220706
03/12/2018 05:00,350.8539029
03/12/2018 06:00,359.353357
03/12/2018 07:00,304.9021813
03/12/2018 08:00,316.8908527
03/12/2018 09:00,566.1407702
03/12/2018 10:00,364.0294545
03/12/2018 11:00,430.151584
03/12/2018 12:00,350.7218342
03/12/2018 13:00,420.8519289
03/12/2018 14:00,292.8726882
03/12/2018 15:00,593.5060366
03/12/2018 16:00,1138.582511
03/12/2018 17:00,848.6025076
03/12/2018 18:00,778.196956
03/12/2018 19:00,719.3903063
03/12/2018 20:00,570.2889972
03/12/2018 21:00,759.5216744
03/12/2018 22:00,909.1968939
03/12/2018 23:00,1049.784222
04/12/2018 00:00,1256.944409
04/12/2018 01:00,1230.096944
04/12/2018 02:00,853.6854952
04/12/2018 03:00,648.2168131
04/12/2018 04:00,526.029476
04/12/2018 05:00,457.4818745
04/12/2018 06:00,511.446933
04/12/2018 07:00,525.5693719
04/12/2018 08:00,447.4077232
04/12/2018 09:00,563.4454473
04/12/2018 10:00,615.9831226
04/12/2018 11:00,626.2400045
04/12/2018 12:00,700.4651187
04/12/2018 13:00,790.4952998
04/12/2018 14:00,907.2061336
04/12/2018 15:00,1382.836015
04/12/2018 16:00,1601.441694
04/12/2018 17:00,1691.790248
04/12/2018 18:00,1929.943852
04/12/2018 19:00,2072.543545
04/12/2018 20:00,0
04/12/2018 21:00,2113.088685
04/12/2018 22:00,0
04/12/2018 23:00,1915.356078
05/12/2018 00:00,1867.728647
05/12/2018 01:00,1777.342506
05/12/2018 02:00,1883.118737
05/12/2018 03:00,2023.604929
05/12/2018 04:00,1791.058995
05/12/2018 05:00,1694.640778
05/12/2018 06:00,1715.921832
05/12/2018 07:00,1713.117323
05/12/2018 08:00,1376.62127
05/12/2018 09:00,1245.458129
05/12/2018 10:00,1123.702163
05/12/2018 11:00,1044.004631
05/12/2018 12:00,772.9866736
05/12/2018 13:00,786.4528165
05/12/2018 14:00,755.3468778
05/12/2018 15:00,731.4760774
05/12/2018 16:00,891.9545437
05/12/2018 17:00,826.0887652
05/12/2018 18:00,717.8917294
05/12/2018 19:00,728.4974011
05/12/2018 20:00,606.4429715
05/12/2018 21:00,470.5919517
05/12/2018 22:00,624.0518272
05/12/2018 23:00,606.6968845
06/12/2018 00:00,823.2409726
06/12/2018 01:00,973.5110593
06/12/2018 02:00,945.2633794
06/12/2018 03:00,869.891827
06/12/2018 04:00,932.8207653
06/12/2018 05:00,967.1412913
06/12/2018 06:00,874.8571378
06/12/2018 07:00,738.0168333
06/12/2018 08:00,786.4614317
06/12/2018 09:00,803.2012138
06/12/2018 10:00,680.4026609
06/12/2018 11:00,964.2888381
06/12/2018 12:00,607.8460129
06/12/2018 13:00,712.3113837
06/12/2018 14:00,579.7764186
06/12/2018 15:00,573.6334179
06/12/2018 16:00,801.4962199
06/12/2018 17:00,824.3737297
06/12/2018 18:00,718.5846517
06/12/2018 19:00,507.3094484
06/12/2018 20:00,481.5798047
06/12/2018 21:00,430.2092866
06/12/2018 22:00,369.2070796
06/12/2018 23:00,490.976542
07/12/2018 00:00,616.572678
07/12/2018 01:00,660.293814
07/12/2018 02:00,687.7719677
07/12/2018 03:00,620.1304158
07/12/2018 04:00,617.0501101
07/12/2018 05:00,448.5173941
07/12/2018 06:00,306.990991
07/12/2018 07:00,260.3705497
07/12/2018 08:00,248.8409782
07/12/2018 09:00,254.7401513
07/12/2018 10:00,196.5747512
07/12/2018 11:00,305.2889116
07/12/2018 12:00,393.9173944
07/12/2018 13:00,243.554329
07/12/2018 14:00,201.7247238
07/12/2018 15:00,235.0679823
07/12/2018 16:00,221.8113025
07/12/2018 17:00,292.0742789
07/12/2018 18:00,386.9283893
07/12/2018 19:00,303.9071654
07/12/2018 20:00,407.3994301
07/12/2018 21:00,391.7268439
07/12/2018 22:00,471.1723787
07/12/2018 23:00,449.540414
08/12/2018 00:00,409.3716671
08/12/2018 01:00,49.18620197
08/12/2018 02:00,0
08/12/2018 03:00,0
08/12/2018 04:00,0
08/12/2018 05:00,0
08/12/2018 06:00,182.2392279
08/12/2018 07:00,127.0690678
08/12/2018 08:00,165.360411
08/12/2018 09:00,77.98860753
08/12/2018 10:00,121.2607468
08/12/2018 11:00,134.7894529
08/12/2018 12:00,169.2495874
08/12/2018 13:00,218.397182
08/12/2018 14:00,164.3704701
08/12/2018 15:00,154.1758622
08/12/2018 16:00,295.2365517
08/12/2018 17:00,590.2871373
08/12/2018 18:00,748.1883978
08/12/2018 19:00,1236.563647
08/12/2018 20:00,1020.996459
08/12/2018 21:00,695.9263257
08/12/2018 22:00,450.5609405
08/12/2018 23:00,420.2141094
09/12/2018 00:00,562.2076493
09/12/2018 01:00,218.7516475
09/12/2018 02:00,126.3816546
09/12/2018 03:00,298.4735071
09/12/2018 04:00,305.2752709
09/12/2018 05:00,197.613128
09/12/2018 06:00,348.3062918
09/12/2018 07:00,399.1508239
09/12/2018 08:00,93.06263822
09/12/2018 09:00,82.90398529
09/12/2018 10:00,191.5465583
09/12/2018 11:00,210.5843297
09/12/2018 12:00,129.8866956
09/12/2018 13:00,136.8112339
09/12/2018 14:00,73.87429108
09/12/2018 15:00,91.36607672
09/12/2018 16:00,219.2531294
09/12/2018 17:00,225.4183223
09/12/2018 18:00,254.1940335
09/12/2018 19:00,210.3177595
09/12/2018 20:00,326.9209203
09/12/2018 21:00,252.2980976
09/12/2018 22:00,198.9096341
09/12/2018 23:00,109.322494
10/12/2018 00:00,90.99216379
10/12/2018 01:00,78.26251805
10/12/2018 02:00,157.7028035
10/12/2018 03:00,221.0079949
10/12/2018 04:00,222.9439497
10/12/2018 05:00,207.836987
10/12/2018 06:00,226.4966658
10/12/2018 07:00,220.4347685
10/12/2018 08:00,350.6583916
10/12/2018 09:00,335.9059131
10/12/2018 10:00,274.0719078
10/12/2018 11:00,192.7988009
10/12/2018 12:00,61.60357449
10/12/2018 13:00,101.0088428
10/12/2018 14:00,127.6427349
10/12/2018 15:00,293.5958838
10/12/2018 16:00,476.3623489
10/12/2018 17:00,519.8391023
10/12/2018 18:00,666.7695229
10/12/2018 19:00,820.7190748
10/12/2018 20:00,182.6160063
10/12/2018 21:00,267.858495
10/12/2018 22:00,331.0707626
10/12/2018 23:00,417.1523548
11/12/2018 00:00,405.7558055
11/12/2018 01:00,466.6789849
11/12/2018 02:00,354.7839841
11/12/2018 03:00,334.3473116
11/12/2018 04:00,323.786247
11/12/2018 05:00,278.7413728
11/12/2018 06:00,255.4894429
11/12/2018 07:00,295.9534128
11/12/2018 08:00,451.0534922
11/12/2018 09:00,135.1278909
11/12/2018 10:00,476.107916
11/12/2018 11:00,125.5820352
11/12/2018 12:00,56.54941518
11/12/2018 13:00,74.94992834
11/12/2018 14:00,115.6051404
11/12/2018 15:00,191.4005644
11/12/2018 16:00,99.30101336
11/12/2018 17:00,247.6808349
11/12/2018 18:00,415.0044572
11/12/2018 19:00,1184.933199
11/12/2018 20:00,3187.502696
11/12/2018 21:00,3148.0923
11/12/2018 22:00,3842.316691
11/12/2018 23:00,3781.137738
12/12/2018 00:00,3537.573317
12/12/2018 01:00,3776.077169
12/12/2018 02:00,3584.804391
12/12/2018 03:00,3648.63224
12/12/2018 04:00,3360.998511
12/12/2018 05:00,2659.080687
12/12/2018 06:00,2227.053891
12/12/2018 07:00,2255.866137
12/12/2018 08:00,2024.570521
12/12/2018 09:00,1970.460587
12/12/2018 10:00,1780.812228
12/12/2018 11:00,1576.658936
12/12/2018 12:00,1100.212443
12/12/2018 13:00,875.1683973
12/12/2018 14:00,626.089971
12/12/2018 15:00,838.3162422
12/12/2018 16:00,674.7128767
12/12/2018 17:00,884.1485903
12/12/2018 18:00,473.0177364
12/12/2018 19:00,570.6743599
12/12/2018 20:00,700.1549473
12/12/2018 21:00,1124.921607
12/12/2018 22:00,605.2268857
12/12/2018 23:00,612.5037094
13/12/2018 00:00,740.4561903
13/12/2018 01:00,928.4611199
13/12/2018 02:00,1691.412166
13/12/2018 03:00,1074.042572
13/12/2018 04:00,821.0589608
13/12/2018 05:00,570.8000427
13/12/2018 06:00,749.7156515
13/12/2018 07:00,568.9233595
13/12/2018 08:00,420.189714
13/12/2018 09:00,811.2619631
13/12/2018 10:00,1796.451303
13/12/2018 11:00,2147.775448
13/12/2018 12:00,1841.019064
13/12/2018 13:00,2200.413519
13/12/2018 14:00,2095.678022
13/12/2018 15:00,1896.165511
13/12/2018 16:00,2074.636357
13/12/2018 17:00,2272.270113
13/12/2018 18:00,1102.320692
13/12/2018 19:00,898.682608
13/12/2018 20:00,836.4934949
13/12/2018 21:00,980.6118461
13/12/2018 22:00,1255.074322
13/12/2018 23:00,1024.96729
14/12/2018 00:00,1084.788804
14/12/2018 01:00,667.422157
14/12/2018 02:00,592.5165074
14/12/2018 03:00,888.6133038
14/12/2018 04:00,833.358075
14/12/2018 05:00,860.270551
14/12/2018 06:00,1029.709781
14/12/2018 07:00,1734.443888
14/12/2018 08:00,1955.536112
14/12/2018 09:00,1460.845017
14/12/2018 10:00,1532.077341
14/12/2018 11:00,1442.157819
14/12/2018 12:00,1486.9346
14/12/2018 13:00,794.2645186
14/12/2018 14:00,1115.53205
14/12/2018 15:00,939.6860772
14/12/2018 16:00,1437.10995
14/12/2018 17:00,1121.932225
14/12/2018 18:00,799.7805907
14/12/2018 19:00,1353.892122
14/12/2018 20:00,1060.69385
14/12/2018 21:00,1322.276102
14/12/2018 22:00,941.0132669
14/12/2018 23:00,860.0722667
15/12/2018 00:00,1589.809233
15/12/2018 01:00,1254.676749
15/12/2018 02:00,1214.522211
15/12/2018 03:00,2097.884051
15/12/2018 04:00,1669.987167
15/12/2018 05:00,1563.076905
15/12/2018 06:00,2036.956812
15/12/2018 07:00,1658.845527
15/12/2018 08:00,1439.033507
15/12/2018 09:00,1810.600392
15/12/2018 10:00,1687.727817
15/12/2018 11:00,1742.468223
15/12/2018 12:00,1570.181842
15/12/2018 13:00,974.9379452
15/12/2018 14:00,972.385377
15/12/2018 15:00,1186.971437
15/12/2018 16:00,661.0441515
15/12/2018 17:00,1014.399435
15/12/2018 18:00,1171.909661
15/12/2018 19:00,1344.835616
15/12/2018 20:00,1873.77303
15/12/2018 21:00,1546.685902
15/12/2018 22:00,1471.1771
15/12/2018 23:00,1119.824518
16/12/2018 00:00,648.7695886
16/12/2018 01:00,872.7178396
16/12/2018 02:00,1139.467439
16/12/2018 03:00,1716.719354
16/12/2018 04:00,2608.05652
16/12/2018 05:00,1540.707842
16/12/2018 06:00,1447.906479
16/12/2018 07:00,843.9868531
16/12/2018 08:00,1011.141989
16/12/2018 09:00,938.5889626
16/12/2018 10:00,1049.845962
16/12/2018 11:00,1277.207647
16/12/2018 12:00,1383.652317
16/12/2018 13:00,1076.089504
16/12/2018 14:00,944.3444047
16/12/2018 15:00,1133.886765
16/12/2018 16:00,2369.990628
16/12/2018 17:00,2335.951654
16/12/2018 18:00,2468.354739
16/12/2018 19:00,2493.211291
16/12/2018 20:00,2353.994228
16/12/2018 21:00,2161.920756
16/12/2018 22:00,2192.479617
16/12/2018 23:00,1117.870107
17/12/2018 00:00,889.1771787
17/12/2018 01:00,997.8406359
17/12/2018 02:00,1145.109124
17/12/2018 03:00,1227.639123
17/12/2018 04:00,968.5359869
17/12/2018 05:00,1440.438943
17/12/2018 06:00,1212.454983
17/12/2018 07:00,976.7115344
17/12/2018 08:00,1222.993339
17/12/2018 09:00,739.1272404
17/12/2018 10:00,1041.836687
17/12/2018 11:00,908.7083802
17/12/2018 12:00,1147.918868
17/12/2018 13:00,2522.484088
17/12/2018 14:00,2680.419764
17/12/2018 15:00,2226.383124
17/12/2018 16:00,2398.039015
17/12/2018 17:00,2174.990812
17/12/2018 18:00,2021.335648
17/12/2018 19:00,1455.00012
17/12/2018 20:00,909.9033347
17/12/2018 21:00,782.946026
17/12/2018 22:00,486.5259062
17/12/2018 23:00,600.5542444
18/12/2018 00:00,710.6654675
18/12/2018 01:00,921.2819716
18/12/2018 02:00,0
18/12/2018 03:00,0
18/12/2018 04:00,783.1866847
18/12/2018 05:00,900.3544154
18/12/2018 06:00,818.2686893
18/12/2018 07:00,910.9077586
18/12/2018 08:00,613.8412118
18/12/2018 09:00,510.2371365
18/12/2018 10:00,437.6646735
18/12/2018 11:00,435.1354058
18/12/2018 12:00,897.3970722
18/12/2018 13:00,434.46522
18/12/2018 14:00,937.1044557
18/12/2018 15:00,1247.948589
18/12/2018 16:00,1135.587422
18/12/2018 17:00,1297.709405
18/12/2018 18:00,1518.167677
18/12/2018 19:00,1433.942594
18/12/2018 20:00,915.7821402
18/12/2018 21:00,606.324049
18/12/2018 22:00,1565.705629
18/12/2018 23:00,1506.145318
19/12/2018 00:00,1725.648148
19/12/2018 01:00,1541.277789
19/12/2018 02:00,884.7971059
19/12/2018 03:00,520.8169041
19/12/2018 04:00,396.9879823
19/12/2018 05:00,218.7183749
19/12/2018 06:00,228.337236
19/12/2018 07:00,272.6647946
19/12/2018 08:00,343.5923386
19/12/2018 09:00,266.2161715
19/12/2018 10:00,910.3938238
19/12/2018 11:00,1453.463889
19/12/2018 12:00,1098.469449
19/12/2018 13:00,391.8314843
19/12/2018 14:00,341.7180907
19/12/2018 15:00,252.1823164
19/12/2018 16:00,161.403497
19/12/2018 17:00,235.8809116
19/12/2018 18:00,268.2102658
19/12/2018 19:00,171.5736476
19/12/2018 20:00,137.3616266
19/12/2018 21:00,207.4504821
19/12/2018 22:00,206.5514429
19/12/2018 23:00,305.5078289
20/12/2018 00:00,274.2386942
20/12/2018 01:00,366.5032627
20/12/2018 02:00,304.8558826
20/12/2018 03:00,357.1402283
20/12/2018 04:00,274.5498746
20/12/2018 05:00,203.5511576
20/12/2018 06:00,205.8829058
20/12/2018 07:00,42.89182454
20/12/2018 08:00,103.3626501
20/12/2018 09:00,853.8785318
20/12/2018 10:00,216.1841146
20/12/2018 11:00,175.8483402
20/12/2018 12:00,227.4477194
20/12/2018 13:00,221.0434418
20/12/2018 14:00,254.2806306
20/12/2018 15:00,285.5380433
20/12/2018 16:00,411.8130481
20/12/2018 17:00,1499.558742
20/12/2018 18:00,1571.306897
20/12/2018 19:00,1087.148593
20/12/2018 20:00,585.6417014
20/12/2018 21:00,553.2768933
20/12/2018 22:00,599.2100787
20/12/2018 23:00,695.299881
21/12/2018 00:00,787.3604846
21/12/2018 01:00,697.6331068
21/12/2018 02:00,437.5987289
21/12/2018 03:00,804.982386
21/12/2018 04:00,747.9117393
21/12/2018 05:00,782.4581473
21/12/2018 06:00,1245.854319
21/12/2018 07:00,418.6732805
21/12/2018 08:00,316.1205034
21/12/2018 09:00,519.1820186
21/12/2018 10:00,474.2595166
21/12/2018 11:00,387.0411405
21/12/2018 12:00,1177.462302
21/12/2018 13:00,928.9048242
21/12/2018 14:00,1118.397568
21/12/2018 15:00,678.4469422
21/12/2018 16:00,1471.373421
21/12/2018 17:00,908.405709
21/12/2018 18:00,1758.325986
21/12/2018 19:00,1636.025433
21/12/2018 20:00,1458.88869
21/12/2018 21:00,1129.825655
21/12/2018 22:00,523.8239513
21/12/2018 23:00,572.1802605
22/12/2018 00:00,776.3685402
22/12/2018 01:00,741.4027534
22/12/2018 02:00,919.1638884
22/12/2018 03:00,1250.405519
22/12/2018 04:00,918.432079
22/12/2018 05:00,1044.659498
22/12/2018 06:00,977.1725051
22/12/2018 07:00,535.795949
22/12/2018 08:00,804.5114508
22/12/2018 09:00,756.0769369
22/12/2018 10:00,1061.677316
22/12/2018 11:00,974.0909856
22/12/2018 12:00,869.2754492
22/12/2018 13:00,1080.433391
22/12/2018 14:00,1572.477408
22/12/2018 15:00,1355.707123
22/12/2018 16:00,1215.692824
22/12/2018 17:00,252.1401715
22/12/2018 18:00,44.87097548
22/12/2018 19:00,304.2087726
22/12/2018 20:00,496.0683866
22/12/2018 21:00,307.6643105
22/12/2018 22:00,157.3586758
22/12/2018 23:00,1006.82902
23/12/2018 00:00,489.8678375
23/12/2018 01:00,537.0972806
23/12/2018 02:00,298.0365579
23/12/2018 03:00,1485.203262
23/12/2018 04:00,1439.580255
23/12/2018 05:00,339.5208834
23/12/2018 06:00,819.2812693
23/12/2018 07:00,1184.346509
23/12/2018 08:00,1033.037548
23/12/2018 09:00,1493.173274
23/12/2018 10:00,1485.68417
23/12/2018 11:00,1023.621324
23/12/2018 12:00,1319.042236
23/12/2018 13:00,884.5612615
23/12/2018 14:00,1143.870366
23/12/2018 15:00,868.1900567
23/12/2018 16:00,831.840301
23/12/2018 17:00,1079.563125
23/12/2018 18:00,1086.613456
23/12/2018 19:00,706.2590868
23/12/2018 20:00,1133.687821
23/12/2018 21:00,975.1678225
23/12/2018 22:00,965.5224749
23/12/2018 23:00,1494.419919
24/12/2018 00:00,1319.449172
24/12/2018 01:00,1453.918425
24/12/2018 02:00,1400.97375
24/12/2018 03:00,1448.053311
24/12/2018 04:00,1617.525693
24/12/2018 05:00,1232.47255
24/12/2018 06:00,603.6151466
24/12/2018 07:00,847.605042
24/12/2018 08:00,524.6296727
24/12/2018 09:00,481.247123
24/12/2018 10:00,693.7263262
24/12/2018 11:00,659.8469554
24/12/2018 12:00,913.3980118
24/12/2018 13:00,946.0929664
24/12/2018 14:00,895.4822362
24/12/2018 15:00,1300.197083
24/12/2018 16:00,938.1500751
24/12/2018 17:00,1015.20588
24/12/2018 18:00,1391.918754
24/12/2018 19:00,770.6242557
24/12/2018 20:00,1360.459822
24/12/2018 21:00,1387.481799
24/12/2018 22:00,1431.180188
24/12/2018 23:00,1125.08821
25/12/2018 00:00,2184.147848
25/12/2018 01:00,1814.370039
25/12/2018 02:00,1377.10438
25/12/2018 03:00,1452.550805
25/12/2018 04:00,634.5456498
25/12/2018 05:00,1019.111605
25/12/2018 06:00,329.1898255
25/12/2018 07:00,504.8526401
25/12/2018 08:00,672.5229393
25/12/2018 09:00,707.0443018
25/12/2018 10:00,1144.880205
25/12/2018 11:00,336.7253243
25/12/2018 12:00,787.7264796
25/12/2018 13:00,706.2343995
25/12/2018 14:00,523.9922887
25/12/2018 15:00,982.6139749
25/12/2018 16:00,879.5348092
25/12/2018 17:00,772.8047556
25/12/2018 18:00,761.4466692
25/12/2018 19:00,974.4959143
25/12/2018 20:00,1486.180622
25/12/2018 21:00,1377.591952
25/12/2018 22:00,1035.098833
25/12/2018 23:00,973.6553219
26/12/2018 00:00,1370.033759
26/12/2018 01:00,1464.05588
26/12/2018 02:00,1138.482465
26/12/2018 03:00,839.6962746
26/12/2018 04:00,863.3259003
26/12/2018 05:00,888.7360077
26/12/2018 06:00,574.1708218
26/12/2018 07:00,452.236223
26/12/2018 08:00,491.3701772
26/12/2018 09:00,486.5782071
26/12/2018 10:00,420.6977321
26/12/2018 11:00,365.8246187
26/12/2018 12:00,293.4842373
26/12/2018 13:00,114.7651777
26/12/2018 14:00,236.1858638
26/12/2018 15:00,92.46776954
26/12/2018 16:00,87.26192751
26/12/2018 17:00,221.2485734
26/12/2018 18:00,777.2603997
26/12/2018 19:00,90.7726828
26/12/2018 20:00,503.7582661
26/12/2018 21:00,624.921252
26/12/2018 22:00,1184.92949
26/12/2018 23:00,794.0346977
27/12/2018 00:00,797.03073
27/12/2018 01:00,750.8689121
27/12/2018 02:00,590.5195643
27/12/2018 03:00,703.1284328
27/12/2018 04:00,689.2527351
27/12/2018 05:00,616.2083205
27/12/2018 06:00,461.1468517
27/12/2018 07:00,434.1414306
27/12/2018 08:00,665.2524703
27/12/2018 09:00,823.1137376
27/12/2018 10:00,707.3773624
27/12/2018 11:00,514.6825866
27/12/2018 12:00,613.6225283
27/12/2018 13:00,789.0009055
27/12/2018 14:00,863.053616
27/12/2018 15:00,1044.906057
27/12/2018 16:00,1093.093066
27/12/2018 17:00,1202.962245
27/12/2018 18:00,963.2483977
27/12/2018 19:00,1319.023662
27/12/2018 20:00,1617.205683
27/12/2018 21:00,1670.324613
27/12/2018 22:00,2360.928854
27/12/2018 23:00,2329.05881
28/12/2018 00:00,1953.702125
28/12/2018 01:00,2094.552515
28/12/2018 02:00,2623.974874
28/12/2018 03:00,2615.811963
28/12/2018 04:00,2436.058437
28/12/2018 05:00,1327.39192
28/12/2018 06:00,979.62677
28/12/2018 07:00,1370.960593
28/12/2018 08:00,1299.048211
28/12/2018 09:00,1173.826175
28/12/2018 10:00,1005.073959
28/12/2018 11:00,925.9223252
28/12/2018 12:00,1069.970724
28/12/2018 13:00,684.0135568
28/12/2018 14:00,678.5816314
28/12/2018 15:00,1061.44021
28/12/2018 16:00,1361.603139
28/12/2018 17:00,1269.320596
28/12/2018 18:00,1325.694897
28/12/2018 19:00,1398.443929
28/12/2018 20:00,1142.710796
28/12/2018 21:00,637.9366917
28/12/2018 22:00,566.9946737
28/12/2018 23:00,490.9769223
29/12/2018 00:00,400.3864872
29/12/2018 01:00,314.7645834
29/12/2018 02:00,494.9646073
29/12/2018 03:00,355.5783973
29/12/2018 04:00,307.7354129
29/12/2018 05:00,405.9784379
29/12/2018 06:00,619.6524309
29/12/2018 07:00,716.0877317
29/12/2018 08:00,532.3510782
29/12/2018 09:00,657.605715
29/12/2018 10:00,435.0348756
29/12/2018 11:00,352.5136252
29/12/2018 12:00,290.285646
29/12/2018 13:00,331.6160427
29/12/2018 14:00,317.2700654
29/12/2018 15:00,373.645577
29/12/2018 16:00,246.4076154
29/12/2018 17:00,296.6133235
29/12/2018 18:00,349.5217069
29/12/2018 19:00,299.090481
29/12/2018 20:00,278.9330234
29/12/2018 21:00,335.3557633
29/12/2018 22:00,399.9074226
29/12/2018 23:00,448.3819603
30/12/2018 00:00,413.4076594
30/12/2018 01:00,476.2109553
30/12/2018 02:00,561.7779885
30/12/2018 03:00,475.3055788
30/12/2018 04:00,488.7000746
30/12/2018 05:00,564.614761
30/12/2018 06:00,990.8957074
30/12/2018 07:00,730.5792466
30/12/2018 08:00,1022.720108
30/12/2018 09:00,1189.502476
30/12/2018 10:00,512.1039338
30/12/2018 11:00,267.4346916
30/12/2018 12:00,545.4409234
30/12/2018 13:00,1098.987515
30/12/2018 14:00,1727.961608
30/12/2018 15:00,832.6223839
30/12/2018 16:00,755.8234968
30/12/2018 17:00,912.3334633
30/12/2018 18:00,743.9643172
30/12/2018 19:00,617.9059281
30/12/2018 20:00,792.3997971
30/12/2018 21:00,855.9814228
30/12/2018 22:00,1587.205393
30/12/2018 23:00,827.5109285
31/12/2018 00:00,731.9028769
31/12/2018 01:00,545.1378294
31/12/2018 02:00,458.2592249
31/12/2018 03:00,663.3929371
31/12/2018 04:00,508.947091
31/12/2018 05:00,964.6406729
31/12/2018 06:00,523.5568056
31/12/2018 07:00,1581.577181
31/12/2018 08:00,989.9154412
31/12/2018 09:00,1578.457468
31/12/2018 10:00,1444.106771
31/12/2018 11:00,1217.987624
31/12/2018 12:00,1683.380289
31/12/2018 13:00,1023.156207
31/12/2018 14:00,1947.098335
31/12/2018 15:00,1320.665428
31/12/2018 16:00,1155.906123
31/12/2018 17:00,762.6849545
31/12/2018 18:00,773.6530446
31/12/2018 19:00,697.1304471
31/12/2018 20:00,469.7044494
31/12/2018 21:00,696.6602211
31/12/2018 22:00,549.422654
31/12/2018 23:00,165.8521849
01/01/2019 00:00,236.0513637
01/01/2019 01:00,232.0204537
01/01/2019 02:00,292.9214577
01/01/2019 03:00,167.3050937
01/01/2019 04:00,151.1996541
01/01/2019 05:00,140.1871105
01/01/2019 06:00,270.123582
01/01/2019 07:00,357.250355
01/01/2019 08:00,448.1142991
01/01/2019 09:00,289.2261038
01/01/2019 10:00,271.3082926
01/01/2019 11:00,219.346527
01/01/2019 12:00,433.3395543
01/01/2019 13:00,103.0692301
01/01/2019 14:00,172.0294848
01/01/2019 15:00,354.9781179
01/01/2019 16:00,234.5845751
01/01/2019 17:00,815.8413675
01/01/2019 18:00,830.9041168
01/01/2019 19:00,767.709548
01/01/2019 20:00,589.7539778
01/01/2019 21:00,609.7915983
01/01/2019 22:00,949.6295064
01/01/2019 23:00,1446.479222
02/01/2019 00:00,1663.376074
02/01/2019 01:00,1601.246224
02/01/2019 02:00,1005.771914
02/01/2019 03:00,1004.975072
02/01/2019 04:00,2222.138759
02/01/2019 05:00,1503.360957
02/01/2019 06:00,909.9414932
02/01/2019 07:00,1511.5383
02/01/2019 08:00,954.3482465
02/01/2019 09:00,509.1480144
02/01/2019 10:00,849.3870204
02/01/2019 11:00,782.4684617
02/01/2019 12:00,241.1340555
02/01/2019 13:00,526.5826027
02/01/2019 14:00,597.0716687
02/01/2019 15:00,178.4082418
02/01/2019 16:00,388.5365682
02/01/2019 17:00,884.2356718
02/01/2019 18:00,634.0181366
02/01/2019 19:00,359.0473258
02/01/2019 20:00,439.4994787
02/01/2019 21:00,652.0201594
02/01/2019 22:00,1258.929721
02/01/2019 23:00,432.216561
03/01/2019 00:00,244.8406769
03/01/2019 01:00,484.8365486
03/01/2019 02:00,447.4660341
03/01/2019 03:00,600.0195714
03/01/2019 04:00,633.0256611
03/01/2019 05:00,1301.294398
03/01/2019 06:00,1837.126857
03/01/2019 07:00,1200.787007
03/01/2019 08:00,1075.59244
03/01/2019 09:00,971.3944434
03/01/2019 10:00,1002.451308
03/01/2019 11:00,1946.672378
03/01/2019 12:00,1146.885493
03/01/2019 13:00,1027.001669
03/01/2019 14:00,645.3634271
03/01/2019 15:00,816.6737621
03/01/2019 16:00,625.9436894
03/01/2019 17:00,874.8221897
03/01/2019 18:00,1293.461929
03/01/2019 19:00,805.3317513
03/01/2019 20:00,1292.448957
03/01/2019 21:00,880.3466716
03/01/2019 22:00,927.7531939
03/01/2019 23:00,480.6599962
04/01/2019 00:00,511.7487917
04/01/2019 01:00,606.5645493
04/01/2019 02:00,745.6052927
04/01/2019 03:00,742.0682845
04/01/2019 04:00,685.3529034
04/01/2019 05:00,954.5224548
04/01/2019 06:00,1122.744009
04/01/2019 07:00,1256.465401
04/01/2019 08:00,970.7830671
04/01/2019 09:00,793.001624
04/01/2019 10:00,764.8445844
04/01/2019 11:00,734.8886644
04/01/2019 12:00,781.7079444
04/01/2019 13:00,748.9098071
04/01/2019 14:00,945.3159539
04/01/2019 15:00,629.7183794
04/01/2019 16:00,826.4672288
04/01/2019 17:00,786.6816804
04/01/2019 18:00,797.552299
04/01/2019 19:00,751.8944416
04/01/2019 20:00,883.8771523
04/01/2019 21:00,736.1508578
04/01/2019 22:00,899.7126956
04/01/2019 23:00,861.1443401
05/01/2019 00:00,759.8609403
05/01/2019 01:00,845.5324554
05/01/2019 02:00,927.372862
05/01/2019 03:00,796.428504
05/01/2019 04:00,1005.479497
05/01/2019 05:00,839.3519936
05/01/2019 06:00,889.5349194
05/01/2019 07:00,1116.338491
05/01/2019 08:00,686.6085704
05/01/2019 09:00,1026.615513
05/01/2019 10:00,1441.663705
05/01/2019 11:00,1183.431289
05/01/2019 12:00,999.584324
05/01/2019 13:00,1346.503647
05/01/2019 14:00,1016.761734
05/01/2019 15:00,959.4718563
05/01/2019 16:00,1164.338616
05/01/2019 17:00,1150.154298
05/01/2019 18:00,1128.24073
05/01/2019 19:00,1303.237122
05/01/2019 20:00,1251.833621
05/01/2019 21:00,1310.036822
05/01/2019 22:00,1335.006035
05/01/2019 23:00,2199.520748
06/01/2019 00:00,1215.497193
06/01/2019 01:00,711.3447884
06/01/2019 02:00,1073.905223
06/01/2019 03:00,972.7844809
06/01/2019 04:00,970.4925483
06/01/2019 05:00,670.562784
06/01/2019 06:00,902.0048612
06/01/2019 07:00,1162.944733
06/01/2019 08:00,906.3889439
06/01/2019 09:00,888.4359292
06/01/2019 10:00,533.2411175
06/01/2019 11:00,523.9298288
06/01/2019 12:00,941.1703468
06/01/2019 13:00,952.2144344
06/01/2019 14:00,1093.872466
06/01/2019 15:00,1131.394466
06/01/2019 16:00,1558.022297
06/01/2019 17:00,954.0823564
06/01/2019 18:00,916.2890624
06/01/2019 19:00,556.9014008
06/01/2019 20:00,591.1528275
06/01/2019 21:00,807.1629397
06/01/2019 22:00,963.9502436
06/01/2019 23:00,797.4011552
07/01/2019 00:00,868.8166528
07/01/2019 01:00,979.0049177
07/01/2019 02:00,673.3290374
07/01/2019 03:00,680.0752146
07/01/2019 04:00,610.7867536
07/01/2019 05:00,880.8378096
07/01/2019 06:00,518.6704311
07/01/2019 07:00,325.4714974
07/01/2019 08:00,464.5740687
07/01/2019 09:00,402.6516554
07/01/2019 10:00,430.6633039
07/01/2019 11:00,1128.691195
07/01/2019 12:00,0
07/01/2019 13:00,1021.849924
07/01/2019 14:00,874.6597403
07/01/2019 15:00,1175.489154
07/01/2019 16:00,1465.644319
07/01/2019 17:00,973.8745443
07/01/2019 18:00,969.5927164
07/01/2019 19:00,1352.683939
07/01/2019 20:00,1584.267646
07/01/2019 21:00,1523.886168
07/01/2019 22:00,1489.935716
07/01/2019 23:00,1597.237448
08/01/2019 00:00,1550.158828
08/01/2019 01:00,1591.354957
08/01/2019 02:00,1433.510261
08/01/2019 03:00,1226.478098
08/01/2019 04:00,1897.738639
08/01/2019 05:00,1661.333364
08/01/2019 06:00,1308.08675
08/01/2019 07:00,1033.959584
08/01/2019 08:00,1544.088961
08/01/2019 09:00,1815.534238
08/01/2019 10:00,1899.90451
08/01/2019 11:00,1704.15918
08/01/2019 12:00,1367.618367
08/01/2019 13:00,1563.904217
08/01/2019 14:00,1567.194153
08/01/2019 15:00,1248.96925
08/01/2019 16:00,1294.517424
08/01/2019 17:00,1413.162969
08/01/2019 18:00,1479.619224
08/01/2019 19:00,1945.900175
08/01/2019 20:00,1428.231084
08/01/2019 21:00,1496.301936
08/01/2019 22:00,1326.884194
08/01/2019 23:00,1120.456409
09/01/2019 00:00,996.6833021
09/01/2019 01:00,813.7785184
09/01/2019 02:00,888.7856646
09/01/2019 03:00,882.9951812
09/01/2019 04:00,937.5581889
09/01/2019 05:00,955.6143469
09/01/2019 06:00,966.6172615
09/01/2019 07:00,1585.211024
09/01/2019 08:00,1080.824642
09/01/2019 09:00,1035.644318
09/01/2019 10:00,883.2276448
09/01/2019 11:00,1026.698989
09/01/2019 12:00,638.9672992
09/01/2019 13:00,764.3721752
09/01/2019 14:00,989.3345856
09/01/2019 15:00,834.8780135
09/01/2019 16:00,608.0301189
09/01/2019 17:00,691.2892756
09/01/2019 18:00,378.0160087
09/01/2019 19:00,582.1212716
09/01/2019 20:00,432.9155263
09/01/2019 21:00,857.805164
09/01/2019 22:00,1279.984671
09/01/2019 23:00,980.3607127
10/01/2019 00:00,533.9796184
10/01/2019 01:00,1141.35601
10/01/2019 02:00,545.1908157
10/01/2019 03:00,335.0196467
10/01/2019 04:00,590.486205
10/01/2019 05:00,479.4049214
10/01/2019 06:00,506.8174848
10/01/2019 07:00,582.1849716
10/01/2019 08:00,813.9320409
10/01/2019 09:00,437.9874615
10/01/2019 10:00,525.2507055
10/01/2019 11:00,663.2983836
10/01/2019 12:00,664.7839886
10/01/2019 13:00,1026.694624
10/01/2019 14:00,496.4821355
10/01/2019 15:00,314.7194387
10/01/2019 16:00,504.0635353
10/01/2019 17:00,274.5230537
10/01/2019 18:00,844.2463816
10/01/2019 19:00,691.0086089
10/01/2019 20:00,899.1619617
10/01/2019 21:00,1250.510939
10/01/2019 22:00,1112.44475
10/01/2019 23:00,692.2653384
11/01/2019 00:00,1106.79325
11/01/2019 01:00,983.391112
11/01/2019 02:00,1022.152282
11/01/2019 03:00,447.6478214
11/01/2019 04:00,428.1617074
11/01/2019 05:00,1164.242294
11/01/2019 06:00,440.2385389
11/01/2019 07:00,806.4409261
11/01/2019 08:00,1121.138123
11/01/2019 09:00,792.2666725
11/01/2019 10:00,808.1143584
11/01/2019 11:00,1300.549052
11/01/2019 12:00,1137.754454
11/01/2019 13:00,653.7690357
11/01/2019 14:00,652.1899871
11/01/2019 15:00,691.7238172
11/01/2019 16:00,506.5917711
11/01/2019 17:00,911.468856
11/01/2019 18:00,1529.425126
11/01/2019 19:00,232.5765908
11/01/2019 20:00,331.204492
11/01/2019 21:00,435.7434424
11/01/2019 22:00,828.7725286
11/01/2019 23:00,372.5704048
12/01/2019 00:00,2303.679487
12/01/2019 01:00,3067.972853
12/01/2019 02:00,3065.51026
12/01/2019 03:00,2896.088484
12/01/2019 04:00,2827.785288
12/01/2019 05:00,3210.485053
12/01/2019 06:00,3183.047144
12/01/2019 07:00,3010.046629
12/01/2019 08:00,2671.497944
12/01/2019 09:00,2738.50912
12/01/2019 10:00,2725.208785
12/01/2019 11:00,2426.911348
12/01/2019 12:00,2330.507851
12/01/2019 13:00,2331.730227
12/01/2019 14:00,2308.049213
12/01/2019 15:00,2323.941809
12/01/2019 16:00,2248.819379
12/01/2019 17:00,2115.112399
12/01/2019 18:00,2569.208578
12/01/2019 19:00,2041.012168
12/01/2019 20:00,2030.079509
12/01/2019 21:00,1885.19716
12/01/2019 22:00,2010.082886
12/01/2019 23:00,1976.492328
13/01/2019 00:00,1674.465796
13/01/2019 01:00,1487.553381
13/01/2019 02:00,1069.15913
13/01/2019 03:00,829.195831
13/01/2019 04:00,1217.105797
13/01/2019 05:00,704.9551434
13/01/2019 06:00,649.7920835
13/01/2019 07:00,484.5076493
13/01/2019 08:00,529.451868
13/01/2019 09:00,772.185941
13/01/2019 10:00,584.5644949
13/01/2019 11:00,503.4736017
13/01/2019 12:00,501.4101404
13/01/2019 13:00,515.142829
13/01/2019 14:00,674.268733
13/01/2019 15:00,518.755174
13/01/2019 16:00,236.1309034
13/01/2019 17:00,346.1453782
13/01/2019 18:00,703.9510843
13/01/2019 19:00,475.2740366
13/01/2019 20:00,458.2030751
13/01/2019 21:00,485.7013955
13/01/2019 22:00,735.8787012
13/01/2019 23:00,482.4221273